,Unnamed: 0,Unnamed: 0.1,cell_x,cell_y,death_time,File Name
0,0,0,1168.006456241033,117.63055954088952,0,20161129_MCF7_FB_xy11.csv
1,1,1,1112.7984218077474,53.46987087517937,30,20161129_MCF7_FB_xy11.csv
2,2,2,1142.6406025824965,78.83572453371595,60,20161129_MCF7_FB_xy11.csv
3,3,3,1169.4985652797704,108.67790530846491,60,20161129_MCF7_FB_xy11.csv
4,4,4,1200.8328550932567,137.0279770444763,90,20161129_MCF7_FB_xy11.csv
5,5,5,1124.7352941176468,147.47274031563848,120,20161129_MCF7_FB_xy11.csv
6,6,6,1062.0667144906745,156.4253945480632,150,20161129_MCF7_FB_xy11.csv
7,7,7,1178.451219512195,165.3780487804878,150,20161129_MCF7_FB_xy11.csv
8,8,8,1196.3565279770446,110.17001434720235,150,20161129_MCF7_FB_xy11.csv
9,9,9,417.4756097560975,926.3536585365852,180,20161129_MCF7_FB_xy11.csv
10,10,10,538.3364418938307,542.8816355810617,180,20161129_MCF7_FB_xy11.csv
11,11,11,524.9074605451937,481.7051649928263,180,20161129_MCF7_FB_xy11.csv
12,12,12,1090.4167862266856,148.96484935437593,180,20161129_MCF7_FB_xy11.csv
13,13,13,1156.0695839311336,175.82281205164998,180,20161129_MCF7_FB_xy11.csv
14,14,14,1130.7037302725969,190.7439024390244,180,20161129_MCF7_FB_xy11.csv
15,15,15,1065.0509325681492,950.2274031563844,180,20161129_MCF7_FB_xy11.csv
16,16,16,1076.9878048780488,994.9906743185076,180,20161129_MCF7_FB_xy11.csv
17,17,17,219.02510760401725,983.0538020086084,210,20161129_MCF7_FB_xy11.csv
18,18,18,241.40674318507888,793.5559540889525,210,20161129_MCF7_FB_xy11.csv
19,19,19,293.6305595408895,942.7668579626971,210,20161129_MCF7_FB_xy11.csv
20,20,20,333.9175035868006,974.1011477761832,210,20161129_MCF7_FB_xy11.csv
21,21,21,324.964849354376,832.3507890961259,210,20161129_MCF7_FB_xy11.csv
22,22,22,402.5545193687232,790.5717360114777,210,20161129_MCF7_FB_xy11.csv
23,23,23,430.9045911047345,866.6692969870874,210,20161129_MCF7_FB_xy11.csv
24,24,24,395.09397417503584,903.9720229555236,210,20161129_MCF7_FB_xy11.csv
25,25,25,393.6018651362984,987.5301291248204,210,20161129_MCF7_FB_xy11.csv
26,26,26,1124.7352941176468,177.31492109038732,210,20161129_MCF7_FB_xy11.csv
27,27,27,208.5803443328552,844.2876614060257,240,20161129_MCF7_FB_xy11.csv
28,28,28,186.19870875179345,802.5086083213772,240,20161129_MCF7_FB_xy11.csv
29,29,29,290.6463414634147,729.3952654232422,240,20161129_MCF7_FB_xy11.csv
30,30,30,310.0437589670014,699.5530846484934,240,20161129_MCF7_FB_xy11.csv
31,31,31,362.267575322812,733.8715925394548,240,20161129_MCF7_FB_xy11.csv
32,32,32,362.267575322812,772.6664275466283,240,20161129_MCF7_FB_xy11.csv
33,33,33,351.82281205165003,832.3507890961259,240,20161129_MCF7_FB_xy11.csv
34,34,34,387.63342898134863,850.2560975609755,240,20161129_MCF7_FB_xy11.csv
35,35,35,384.64921090387367,944.2589670014344,240,20161129_MCF7_FB_xy11.csv
36,36,36,860.6319942611191,921.8773314203728,240,20161129_MCF7_FB_xy11.csv
37,37,37,960.603299856528,935.30631276901,240,20161129_MCF7_FB_xy11.csv
38,38,38,166.8012912482066,842.7955523672882,270,20161129_MCF7_FB_xy11.csv
39,39,39,232.4540889526543,902.479913916786,270,20161129_MCF7_FB_xy11.csv
40,40,40,392.10975609756105,968.1327116212336,270,20161129_MCF7_FB_xy11.csv
41,41,41,386.1413199426112,757.7453371592537,270,20161129_MCF7_FB_xy11.csv
42,42,42,469.69942611190834,815.9375896700142,270,20161129_MCF7_FB_xy11.csv
43,43,43,439.8572453371593,902.479913916786,270,20161129_MCF7_FB_xy11.csv
44,44,44,1035.2087517934003,890.5430416068864,270,20161129_MCF7_FB_xy11.csv
45,45,45,1096.3852223816357,614.502869440459,270,20161129_MCF7_FB_xy11.csv
46,46,46,192.1671449067432,877.1140602582493,300,20161129_MCF7_FB_xy11.csv
47,47,47,377.18866571018646,1015.880200860832,300,20161129_MCF7_FB_xy11.csv
48,48,48,233.94619799139164,741.332137733142,300,20161129_MCF7_FB_xy11.csv
49,49,49,295.122668579627,754.7611190817788,300,20161129_MCF7_FB_xy11.csv
50,50,50,332.4253945480632,702.5373027259683,300,20161129_MCF7_FB_xy11.csv
51,51,51,365.2517934002869,707.0136298421806,300,20161129_MCF7_FB_xy11.csv
52,52,52,380.17288378766136,726.4110473457673,300,20161129_MCF7_FB_xy11.csv
53,53,53,371.2202295552368,621.9634146341463,300,20161129_MCF7_FB_xy11.csv
54,54,54,512.9705882352941,839.8113342898132,300,20161129_MCF7_FB_xy11.csv
55,55,55,850.1872309899568,863.6850789096125,300,20161129_MCF7_FB_xy11.csv
56,56,56,863.6162123385941,992.0064562410328,300,20161129_MCF7_FB_xy11.csv
57,57,57,959.1111908177904,935.30631276901,300,20161129_MCF7_FB_xy11.csv
58,58,58,1108.322094691535,633.9002869440457,300,20161129_MCF7_FB_xy11.csv
59,59,59,305.5674318507891,535.4210903873743,330,20161129_MCF7_FB_xy11.csv
60,60,60,271.24892395982783,547.3579626972738,330,20161129_MCF7_FB_xy11.csv
61,61,61,465.223098995696,909.9404591104732,330,20161129_MCF7_FB_xy11.csv
62,62,62,489.096843615495,880.0982783357242,330,20161129_MCF7_FB_xy11.csv
63,63,63,512.9705882352941,805.4928263988521,330,20161129_MCF7_FB_xy11.csv
64,64,64,550.2733142037304,856.2245337159253,330,20161129_MCF7_FB_xy11.csv
65,65,65,700.9763271162124,768.1901004304158,330,20161129_MCF7_FB_xy11.csv
66,66,66,735.2948350071736,936.7984218077472,330,20161129_MCF7_FB_xy11.csv
67,67,67,1018.7955523672885,572.7238163558105,330,20161129_MCF7_FB_xy11.csv
68,68,68,69.81420373027264,533.928981348637,360,20161129_MCF7_FB_xy11.csv
69,69,69,90.70373027259691,532.4368723098995,360,20161129_MCF7_FB_xy11.csv
70,70,70,87.71951219512198,569.7395982783356,360,20161129_MCF7_FB_xy11.csv
71,71,71,63.845767575322846,578.6922525107602,360,20161129_MCF7_FB_xy11.csv
72,72,72,148.89598278335728,935.30631276901,360,20161129_MCF7_FB_xy11.csv
73,73,73,320.4885222381636,495.1341463414633,360,20161129_MCF7_FB_xy11.csv
74,74,74,454.7783357245337,592.1212338593973,360,20161129_MCF7_FB_xy11.csv
75,75,75,535.3522238163558,662.2503586800573,360,20161129_MCF7_FB_xy11.csv
76,76,76,514.4626972740316,915.9088952654232,360,20161129_MCF7_FB_xy11.csv
77,77,77,551.7654232424677,905.4641319942608,360,20161129_MCF7_FB_xy11.csv
78,78,78,772.5975609756098,778.6348637015781,360,20161129_MCF7_FB_xy11.csv
79,79,79,777.073888091822,857.7166427546626,360,20161129_MCF7_FB_xy11.csv
80,80,80,802.4397417503586,959.180057388809,360,20161129_MCF7_FB_xy11.csv
81,81,81,887.4899569583929,869.6535150645623,360,20161129_MCF7_FB_xy11.csv
82,82,82,971.04806312769,668.2187948350071,360,20161129_MCF7_FB_xy11.csv
83,83,83,1012.8271162123384,780.1269727403155,360,20161129_MCF7_FB_xy11.csv
84,84,84,1044.1614060258248,789.0796269727401,360,20161129_MCF7_FB_xy11.csv
85,85,85,1068.0351506456238,736.8558106169296,360,20161129_MCF7_FB_xy11.csv
86,86,86,275.7252510760402,565.2632711621234,390,20161129_MCF7_FB_xy11.csv
87,87,87,530.8758967001435,877.1140602582493,390,20161129_MCF7_FB_xy11.csv
88,88,88,501.0337159253945,627.9318507890962,390,20161129_MCF7_FB_xy11.csv
89,89,89,454.7783357245337,417.5444763271162,390,20161129_MCF7_FB_xy11.csv
90,90,90,672.6262553802009,686.1241032998563,390,20161129_MCF7_FB_xy11.csv
91,91,91,624.8787661406027,739.8400286944044,390,20161129_MCF7_FB_xy11.csv
92,92,92,786.0265423242469,750.2847919655666,390,20161129_MCF7_FB_xy11.csv
93,93,93,821.8371592539453,833.8428981348634,390,20161129_MCF7_FB_xy11.csv
94,94,94,860.6319942611191,780.1269727403155,390,20161129_MCF7_FB_xy11.csv
95,95,95,906.88737446198,787.5875179340027,390,20161129_MCF7_FB_xy11.csv
96,96,96,972.5401721664276,851.748206599713,390,20161129_MCF7_FB_xy11.csv
97,97,97,909.8715925394548,684.631994261119,390,20161129_MCF7_FB_xy11.csv
98,98,98,899.4268292682927,630.9160688665709,390,20161129_MCF7_FB_xy11.csv
99,99,99,1112.7984218077474,516.0236728837876,390,20161129_MCF7_FB_xy11.csv
100,100,100,244.39096126255384,559.2948350071736,420,20161129_MCF7_FB_xy11.csv
101,101,101,278.7094691535151,478.7209469153514,420,20161129_MCF7_FB_xy11.csv
102,102,102,492.08106169297,332.4942611190818,420,20161129_MCF7_FB_xy11.csv
103,103,103,756.1843615494977,638.3766140602581,420,20161129_MCF7_FB_xy11.csv
104,104,104,781.5502152080342,653.2977044476326,420,20161129_MCF7_FB_xy11.csv
105,105,105,793.487087517934,832.3507890961259,420,20161129_MCF7_FB_xy11.csv
106,106,106,953.1427546628406,1017.3723098995696,420,20161129_MCF7_FB_xy11.csv
107,107,107,851.6793400286944,648.8213773314203,420,20161129_MCF7_FB_xy11.csv
108,108,108,997.906025824964,335.4784791965567,420,20161129_MCF7_FB_xy11.csv
109,109,109,1050.1298421807746,441.41822094691526,420,20161129_MCF7_FB_xy11.csv
110,110,110,235.43830703012912,495.1341463414633,450,20161129_MCF7_FB_xy11.csv
111,111,111,329.4411764705883,451.8629842180774,450,20161129_MCF7_FB_xy11.csv
112,112,112,524.9074605451937,250.4282639885223,450,20161129_MCF7_FB_xy11.csv
113,113,113,502.525824964132,305.63629842180774,450,20161129_MCF7_FB_xy11.csv
114,114,114,511.47847919655663,326.525824964132,450,20161129_MCF7_FB_xy11.csv
115,115,115,421.95193687230994,489.1657101865136,450,20161129_MCF7_FB_xy11.csv
116,116,116,583.0997130559541,660.7582496413197,450,20161129_MCF7_FB_xy11.csv
117,117,117,620.4024390243902,677.1714490674317,450,20161129_MCF7_FB_xy11.csv
118,118,118,757.6764705882354,735.3637015781921,450,20161129_MCF7_FB_xy11.csv
119,119,119,744.2474892395983,672.6951219512194,450,20161129_MCF7_FB_xy11.csv
120,120,120,684.5631276901004,607.0423242467717,450,20161129_MCF7_FB_xy11.csv
121,121,121,662.1814921090388,556.3106169296988,450,20161129_MCF7_FB_xy11.csv
122,122,122,681.5789096126255,507.07101865136286,450,20161129_MCF7_FB_xy11.csv
123,123,123,1015.8113342898134,257.88880918220946,450,20161129_MCF7_FB_xy11.csv
124,124,124,974.032281205165,486.1814921090387,450,20161129_MCF7_FB_xy11.csv
125,125,125,920.3163558106172,538.4053084648493,450,20161129_MCF7_FB_xy11.csv
126,126,126,903.903156384505,754.7611190817788,450,20161129_MCF7_FB_xy11.csv
127,127,127,993.4296987087516,717.4583931133427,450,20161129_MCF7_FB_xy11.csv
128,128,128,417.4756097560975,265.3493543758966,480,20161129_MCF7_FB_xy11.csv
129,129,129,566.6865136298421,277.28622668579624,480,20161129_MCF7_FB_xy11.csv
130,130,130,483.1284074605453,683.1398852223815,480,20161129_MCF7_FB_xy11.csv
131,131,131,711.4210903873744,1003.9433285509324,480,20161129_MCF7_FB_xy11.csv
132,132,132,896.4426111908177,372.78120516499285,480,20161129_MCF7_FB_xy11.csv
133,133,133,923.3005738880918,392.1786226685797,480,20161129_MCF7_FB_xy11.csv
134,134,134,936.7295552367289,407.099713055954,480,20161129_MCF7_FB_xy11.csv
135,135,135,936.7295552367289,486.1814921090387,480,20161129_MCF7_FB_xy11.csv
136,136,136,818.8529411764705,692.0925394548062,480,20161129_MCF7_FB_xy11.csv
137,137,137,436.8730272596844,521.9921090387373,510,20161129_MCF7_FB_xy11.csv
138,138,138,586.083931133429,468.27618364418936,510,20161129_MCF7_FB_xy11.csv
139,139,139,642.7840746054519,436.94189383070295,510,20161129_MCF7_FB_xy11.csv
140,140,140,615.9261119081779,496.6262553802008,510,20161129_MCF7_FB_xy11.csv
141,141,141,603.9892395982782,569.7395982783356,510,20161129_MCF7_FB_xy11.csv
142,142,142,732.3106169296988,530.9447632711621,510,20161129_MCF7_FB_xy11.csv
143,143,143,850.1872309899568,472.75251076040166,510,20161129_MCF7_FB_xy11.csv
144,144,144,918.8242467718794,302.65208034433283,510,20161129_MCF7_FB_xy11.csv
145,145,145,1069.5272596843615,323.54160688665706,510,20161129_MCF7_FB_xy11.csv
146,146,146,392.10975609756105,362.3364418938306,540,20161129_MCF7_FB_xy11.csv
147,147,147,623.3866571018651,272.8098995695839,540,20161129_MCF7_FB_xy11.csv
148,148,148,745.7395982783357,554.8185078909612,540,20161129_MCF7_FB_xy11.csv
149,149,149,454.7783357245337,205.6649928263988,570,20161129_MCF7_FB_xy11.csv
150,150,150,514.4626972740316,138.52008608321376,570,20161129_MCF7_FB_xy11.csv
151,151,151,638.3077474892395,247.4440459110474,570,20161129_MCF7_FB_xy11.csv
152,152,152,724.8500717360114,345.92324246771875,570,20161129_MCF7_FB_xy11.csv
153,153,153,703.9605451936873,596.5975609756098,570,20161129_MCF7_FB_xy11.csv
154,154,154,914.3479196556668,274.30200860832133,570,20161129_MCF7_FB_xy11.csv
155,155,155,347.3464849354376,354.87589670014336,600,20161129_MCF7_FB_xy11.csv
156,156,156,442.8414634146342,137.0279770444763,600,20161129_MCF7_FB_xy11.csv
157,157,157,560.7180774748923,372.78120516499285,600,20161129_MCF7_FB_xy11.csv
158,158,158,554.7496413199426,425.0050215208034,600,20161129_MCF7_FB_xy11.csv
159,159,159,780.0581061692968,590.6291248206599,600,20161129_MCF7_FB_xy11.csv
160,160,160,635.3235294117646,372.78120516499285,600,20161129_MCF7_FB_xy11.csv
161,161,161,705.4526542324246,295.1915351506457,600,20161129_MCF7_FB_xy11.csv
162,162,162,735.2948350071736,286.23888091822096,600,20161129_MCF7_FB_xy11.csv
163,163,163,769.6133428981351,308.6205164992826,600,20161129_MCF7_FB_xy11.csv
164,164,164,700.9763271162124,208.6492109038737,600,20161129_MCF7_FB_xy11.csv
165,165,165,507.00215208034433,105.69368723099,630,20161129_MCF7_FB_xy11.csv
166,166,166,563.7022955523672,163.88593974175038,630,20161129_MCF7_FB_xy11.csv
0,0,0,135.46700143472026,507.07101865136286,0,20161129_MCF7_FB_xy12.csv
1,1,1,168.29340028694406,504.086800573888,30,20161129_MCF7_FB_xy12.csv
2,2,2,178.73816355810618,527.9605451936873,30,20161129_MCF7_FB_xy12.csv
3,3,3,141.43543758967007,559.2948350071736,30,20161129_MCF7_FB_xy12.csv
4,4,4,114.57747489239604,547.3579626972738,30,20161129_MCF7_FB_xy12.csv
5,5,5,129.4985652797705,598.0896700143471,30,20161129_MCF7_FB_xy12.csv
6,6,6,92.19583931133432,647.3292682926829,90,20161129_MCF7_FB_xy12.csv
7,7,7,207.0882352941177,551.8342898134863,90,20161129_MCF7_FB_xy12.csv
8,8,8,821.8371592539453,572.7238163558105,120,20161129_MCF7_FB_xy12.csv
9,9,9,429.4124820659972,584.66068866571,150,20161129_MCF7_FB_xy12.csv
10,10,10,783.0423242467717,542.8816355810617,150,20161129_MCF7_FB_xy12.csv
11,11,11,774.0896700143472,715.9662840746054,150,20161129_MCF7_FB_xy12.csv
12,12,12,696.5,595.1054519368722,180,20161129_MCF7_FB_xy12.csv
13,13,13,815.8687230989958,633.9002869440457,180,20161129_MCF7_FB_xy12.csv
14,14,14,84.73529411764711,684.631994261119,210,20161129_MCF7_FB_xy12.csv
15,15,15,274.23314203730274,595.1054519368722,210,20161129_MCF7_FB_xy12.csv
16,16,16,401.06241032998565,666.7266857962696,210,20161129_MCF7_FB_xy12.csv
17,17,17,751.7080344332852,617.4870875179339,210,20161129_MCF7_FB_xy12.csv
18,18,18,711.4210903873744,665.2345767575323,210,20161129_MCF7_FB_xy12.csv
19,19,19,169.78550932568157,711.4899569583931,240,20161129_MCF7_FB_xy12.csv
20,20,20,263.78837876614057,704.0294117647059,240,20161129_MCF7_FB_xy12.csv
21,21,21,338.3938307030129,642.8529411764705,240,20161129_MCF7_FB_xy12.csv
22,22,22,390.6176470588235,724.91893830703,240,20161129_MCF7_FB_xy12.csv
23,23,23,850.1872309899568,668.2187948350071,240,20161129_MCF7_FB_xy12.csv
24,24,24,968.0638450502151,548.8500717360114,240,20161129_MCF7_FB_xy12.csv
25,25,25,957.6190817790532,516.0236728837876,270,20161129_MCF7_FB_xy12.csv
26,26,26,1038.192969870875,462.30774748923966,270,20161129_MCF7_FB_xy12.csv
27,27,27,905.3952654232424,360.8443328550932,270,20161129_MCF7_FB_xy12.csv
28,28,28,851.6793400286944,354.87589670014336,270,20161129_MCF7_FB_xy12.csv
29,29,29,842.7266857962696,332.4942611190818,270,20161129_MCF7_FB_xy12.csv
30,30,30,304.07532281205164,553.3263988522236,300,20161129_MCF7_FB_xy12.csv
31,31,31,316.01219512195115,484.6893830703012,300,20161129_MCF7_FB_xy12.csv
32,32,32,371.2202295552368,756.2532281205164,300,20161129_MCF7_FB_xy12.csv
33,33,33,580.1154949784792,674.1872309899568,300,20161129_MCF7_FB_xy12.csv
34,34,34,999.3981348637012,559.2948350071736,300,20161129_MCF7_FB_xy12.csv
35,35,35,1100.8615494978478,468.27618364418936,300,20161129_MCF7_FB_xy12.csv
36,36,36,1081.4641319942614,423.512912482066,300,20161129_MCF7_FB_xy12.csv
37,37,37,929.2690100430416,414.56025824964127,300,20161129_MCF7_FB_xy12.csv
38,38,38,869.5846484935437,408.59182209469145,300,20161129_MCF7_FB_xy12.csv
39,39,39,821.8371592539453,417.5444763271162,300,20161129_MCF7_FB_xy12.csv
40,40,40,836.7582496413199,377.2575322812052,300,20161129_MCF7_FB_xy12.csv
41,41,41,875.5530846484934,328.01793400286937,300,20161129_MCF7_FB_xy12.csv
42,42,42,972.5401721664276,299.66786226685787,300,20161129_MCF7_FB_xy12.csv
43,43,43,744.2474892395983,145.98063127690102,300,20161129_MCF7_FB_xy12.csv
44,44,44,65.33787661406029,751.776901004304,330,20161129_MCF7_FB_xy12.csv
45,45,45,147.40387374461986,742.8242467718793,330,20161129_MCF7_FB_xy12.csv
46,46,46,168.29340028694406,789.0796269727401,330,20161129_MCF7_FB_xy12.csv
47,47,47,84.73529411764711,806.9849354375896,330,20161129_MCF7_FB_xy12.csv
48,48,48,25.050932568149268,865.1771879483499,330,20161129_MCF7_FB_xy12.csv
49,49,49,150.38809182209474,854.7324246771879,330,20161129_MCF7_FB_xy12.csv
50,50,50,107.1169296987088,905.4641319942608,330,20161129_MCF7_FB_xy12.csv
51,51,51,147.40387374461986,981.5616929698708,330,20161129_MCF7_FB_xy12.csv
52,52,52,280.2015781922525,780.1269727403155,330,20161129_MCF7_FB_xy12.csv
53,53,53,311.53586800573885,684.631994261119,330,20161129_MCF7_FB_xy12.csv
54,54,54,408.5229555236728,841.3034433285508,330,20161129_MCF7_FB_xy12.csv
55,55,55,484.6205164992825,720.4426111908176,330,20161129_MCF7_FB_xy12.csv
56,56,56,589.0681492109038,696.5688665710185,330,20161129_MCF7_FB_xy12.csv
57,57,57,796.4713055954089,378.7496413199426,330,20161129_MCF7_FB_xy12.csv
58,58,58,803.9318507890962,331.0021520803444,330,20161129_MCF7_FB_xy12.csv
59,59,59,965.0796269727404,256.396700143472,330,20161129_MCF7_FB_xy12.csv
60,60,60,981.4928263988522,231.0308464849354,330,20161129_MCF7_FB_xy12.csv
61,61,61,1044.1614060258248,595.1054519368722,330,20161129_MCF7_FB_xy12.csv
62,62,62,1129.2116212338597,414.56025824964127,330,20161129_MCF7_FB_xy12.csv
63,63,63,735.2948350071736,178.80703012912477,330,20161129_MCF7_FB_xy12.csv
64,64,64,771.1054519368722,142.99641319942612,330,20161129_MCF7_FB_xy12.csv
65,65,65,800.9476327116213,157.91750358680062,330,20161129_MCF7_FB_xy12.csv
66,66,66,821.8371592539453,151.94906743185086,330,20161129_MCF7_FB_xy12.csv
67,67,67,805.4239598278335,126.58321377331424,330,20161129_MCF7_FB_xy12.csv
68,68,68,808.4081779053084,178.80703012912477,330,20161129_MCF7_FB_xy12.csv
69,69,69,210.07245337159256,877.1140602582493,360,20161129_MCF7_FB_xy12.csv
70,70,70,227.97776183644197,805.4928263988521,360,20161129_MCF7_FB_xy12.csv
71,71,71,314.52008608321376,830.8586800573887,360,20161129_MCF7_FB_xy12.csv
72,72,72,313.0279770444764,865.1771879483499,360,20161129_MCF7_FB_xy12.csv
73,73,73,272.74103299856534,908.4483500717356,360,20161129_MCF7_FB_xy12.csv
74,74,74,774.0896700143472,422.0208034433285,360,20161129_MCF7_FB_xy12.csv
75,75,75,708.4368723098994,226.55451936872305,360,20161129_MCF7_FB_xy12.csv
76,76,76,982.9849354375896,432.46556671449065,360,20161129_MCF7_FB_xy12.csv
77,77,77,1017.3034433285508,256.396700143472,360,20161129_MCF7_FB_xy12.csv
78,78,78,289.1542324246772,965.1484935437588,390,20161129_MCF7_FB_xy12.csv
79,79,79,342.87015781922526,974.1011477761832,390,20161129_MCF7_FB_xy12.csv
80,80,80,410.0150645624104,918.893113342898,390,20161129_MCF7_FB_xy12.csv
81,81,81,535.3522238163558,795.0480631276898,390,20161129_MCF7_FB_xy12.csv
82,82,82,1011.3350071736012,299.66786226685787,390,20161129_MCF7_FB_xy12.csv
83,83,83,1005.3665710186511,405.6076040172165,390,20161129_MCF7_FB_xy12.csv
84,84,84,378.680774748924,911.4325681492109,420,20161129_MCF7_FB_xy12.csv
85,85,85,350.3307030129125,860.7008608321376,420,20161129_MCF7_FB_xy12.csv
86,86,86,1003.8744619799136,604.0581061692968,420,20161129_MCF7_FB_xy12.csv
87,87,87,1062.0667144906745,336.9705882352941,420,20161129_MCF7_FB_xy12.csv
88,88,88,602.4971305595409,739.8400286944044,450,20161129_MCF7_FB_xy12.csv
89,89,89,608.4655667144907,835.3350071736011,450,20161129_MCF7_FB_xy12.csv
90,90,90,1030.732424677188,571.2317073170732,450,20161129_MCF7_FB_xy12.csv
91,91,91,459.2546628407461,851.748206599713,480,20161129_MCF7_FB_xy12.csv
92,92,92,493.57317073170736,853.2403156384503,510,20161129_MCF7_FB_xy12.csv
0,0,0,401.06241032998565,702.5373027259683,0,20161129_MCF7_FB_xy13.csv
1,1,1,350.3307030129125,695.0767575322811,30,20161129_MCF7_FB_xy13.csv
2,2,2,390.6176470588235,620.4713055954088,30,20161129_MCF7_FB_xy13.csv
3,3,3,447.3177905308465,627.9318507890962,60,20161129_MCF7_FB_xy13.csv
4,4,4,442.8414634146342,578.6922525107602,60,20161129_MCF7_FB_xy13.csv
5,5,5,530.8758967001435,605.5502152080344,180,20161129_MCF7_FB_xy13.csv
6,6,6,444.3335724533716,496.6262553802008,180,20161129_MCF7_FB_xy13.csv
7,7,7,517.4469153515064,530.9447632711621,180,20161129_MCF7_FB_xy13.csv
8,8,8,538.3364418938307,510.0552367288378,180,20161129_MCF7_FB_xy13.csv
9,9,9,498.0494978479196,481.7051649928263,180,20161129_MCF7_FB_xy13.csv
10,10,10,526.3995695839311,447.386657101865,180,20161129_MCF7_FB_xy13.csv
11,11,11,432.396700143472,466.7840746054519,210,20161129_MCF7_FB_xy13.csv
12,12,12,463.7309899569584,460.8156384505021,210,20161129_MCF7_FB_xy13.csv
13,13,13,580.1154949784792,496.6262553802008,210,20161129_MCF7_FB_xy13.csv
14,14,14,514.4626972740316,478.7209469153514,240,20161129_MCF7_FB_xy13.csv
15,15,15,550.2733142037304,425.0050215208034,240,20161129_MCF7_FB_xy13.csv
16,16,16,490.5889526542324,407.099713055954,240,20161129_MCF7_FB_xy13.csv
17,17,17,553.2575322812053,548.8500717360114,270,20161129_MCF7_FB_xy13.csv
18,18,18,466.71520803443326,423.512912482066,270,20161129_MCF7_FB_xy13.csv
19,19,19,438.36513629842176,419.0365853658536,270,20161129_MCF7_FB_xy13.csv
20,20,20,408.5229555236728,459.3235294117646,270,20161129_MCF7_FB_xy13.csv
21,21,21,562.2101865136299,523.4842180774748,300,20161129_MCF7_FB_xy13.csv
22,22,22,618.9103299856528,544.3737446197989,300,20161129_MCF7_FB_xy13.csv
23,23,23,444.3335724533716,344.4311334289813,300,20161129_MCF7_FB_xy13.csv
24,24,24,523.4153515064562,339.95480631276905,300,20161129_MCF7_FB_xy13.csv
25,25,25,665.1657101865136,427.9892395982784,300,20161129_MCF7_FB_xy13.csv
26,26,26,1259.0251076040172,183.28335724533716,300,20161129_MCF7_FB_xy13.csv
27,27,27,556.2417503586801,647.3292682926829,330,20161129_MCF7_FB_xy13.csv
28,28,28,581.6076040172168,645.8371592539454,330,20161129_MCF7_FB_xy13.csv
29,29,29,471.1915351506456,383.22596843615503,330,20161129_MCF7_FB_xy13.csv
30,30,30,484.6205164992825,344.4311334289813,330,20161129_MCF7_FB_xy13.csv
31,31,31,557.7338593974175,357.86011477761826,330,20161129_MCF7_FB_xy13.csv
32,32,32,592.0523672883787,372.78120516499285,330,20161129_MCF7_FB_xy13.csv
33,33,33,581.6076040172168,402.6233859397416,330,20161129_MCF7_FB_xy13.csv
34,34,34,621.8945480631278,441.41822094691526,330,20161129_MCF7_FB_xy13.csv
35,35,35,553.2575322812053,253.4124820659971,330,20161129_MCF7_FB_xy13.csv
36,36,36,790.5028694404591,336.9705882352941,330,20161129_MCF7_FB_xy13.csv
37,37,37,390.6176470588235,328.01793400286937,360,20161129_MCF7_FB_xy13.csv
38,38,38,420.4598278335725,311.60473457675744,360,20161129_MCF7_FB_xy13.csv
39,39,39,484.6205164992825,287.7309899569584,360,20161129_MCF7_FB_xy13.csv
40,40,40,551.7654232424677,289.2230989956958,360,20161129_MCF7_FB_xy13.csv
41,41,41,438.36513629842176,372.78120516499285,360,20161129_MCF7_FB_xy13.csv
42,42,42,623.3866571018651,375.7654232424677,360,20161129_MCF7_FB_xy13.csv
43,43,43,687.5473457675753,359.35222381635566,360,20161129_MCF7_FB_xy13.csv
44,44,44,708.4368723098994,335.4784791965567,360,20161129_MCF7_FB_xy13.csv
45,45,45,727.8342898134862,362.3364418938306,360,20161129_MCF7_FB_xy13.csv
46,46,46,738.2790530846485,301.1599713055954,360,20161129_MCF7_FB_xy13.csv
47,47,47,774.0896700143472,371.28909612625534,360,20161129_MCF7_FB_xy13.csv
48,48,48,398.07819225251086,362.3364418938306,390,20161129_MCF7_FB_xy13.csv
49,49,49,444.3335724533716,284.7467718794835,390,20161129_MCF7_FB_xy13.csv
50,50,50,509.9863701578192,211.6334289813486,390,20161129_MCF7_FB_xy13.csv
51,51,51,542.812769010043,213.1255380200861,390,20161129_MCF7_FB_xy13.csv
52,52,52,586.083931133429,325.0337159253945,390,20161129_MCF7_FB_xy13.csv
53,53,53,633.8314203730273,341.4469153515065,390,20161129_MCF7_FB_xy13.csv
54,54,54,618.9103299856528,301.1599713055954,390,20161129_MCF7_FB_xy13.csv
55,55,55,672.6262553802009,301.1599713055954,390,20161129_MCF7_FB_xy13.csv
56,56,56,756.1843615494977,342.9390243902438,390,20161129_MCF7_FB_xy13.csv
57,57,57,853.1714490674318,322.0494978479196,390,20161129_MCF7_FB_xy13.csv
58,58,58,832.2819225251076,304.1441893830703,390,20161129_MCF7_FB_xy13.csv
59,59,59,844.2187948350072,269.82568149210897,390,20161129_MCF7_FB_xy13.csv
60,60,60,902.4110473457677,304.1441893830703,390,20161129_MCF7_FB_xy13.csv
61,61,61,456.2704447632712,256.396700143472,420,20161129_MCF7_FB_xy13.csv
62,62,62,601.0050215208033,556.3106169296988,420,20161129_MCF7_FB_xy13.csv
63,63,63,730.8185078909613,459.3235294117646,420,20161129_MCF7_FB_xy13.csv
64,64,64,696.5,235.50717360114777,420,20161129_MCF7_FB_xy13.csv
65,65,65,938.2216642754664,389.1944045911047,420,20161129_MCF7_FB_xy13.csv
66,66,66,532.3680057388808,183.28335724533716,450,20161129_MCF7_FB_xy13.csv
67,67,67,584.5918220946916,293.69942611190817,450,20161129_MCF7_FB_xy13.csv
68,68,68,669.642037302726,599.5817790530847,450,20161129_MCF7_FB_xy13.csv
69,69,69,714.4053084648492,504.086800573888,450,20161129_MCF7_FB_xy13.csv
70,70,70,727.8342898134862,278.7783357245337,450,20161129_MCF7_FB_xy13.csv
71,71,71,903.903156384505,360.8443328550932,450,20161129_MCF7_FB_xy13.csv
72,72,72,868.0925394548062,404.1154949784792,480,20161129_MCF7_FB_xy13.csv
73,73,73,914.3479196556668,341.4469153515065,480,20161129_MCF7_FB_xy13.csv
74,74,74,947.1743185078908,314.58895265423234,510,20161129_MCF7_FB_xy13.csv
75,75,75,778.5659971305596,410.0839311334289,510,20161129_MCF7_FB_xy13.csv
76,76,76,687.5473457675753,207.1571018651363,510,20161129_MCF7_FB_xy13.csv
77,77,77,890.474175035868,469.7682926829268,540,20161129_MCF7_FB_xy13.csv
78,78,78,675.6104734576758,536.9131994261119,570,20161129_MCF7_FB_xy13.csv
79,79,79,727.8342898134862,583.1685796269727,570,20161129_MCF7_FB_xy13.csv
80,80,80,839.7424677187947,513.0394548063127,570,20161129_MCF7_FB_xy13.csv
81,81,81,884.5057388809183,495.1341463414633,570,20161129_MCF7_FB_xy13.csv
82,82,82,917.3321377331416,481.7051649928263,570,20161129_MCF7_FB_xy13.csv
83,83,83,586.083931133429,77.34361549497851,570,20161129_MCF7_FB_xy13.csv
84,84,84,584.5918220946916,59.43830703012917,570,20161129_MCF7_FB_xy13.csv
85,85,85,529.383787661406,836.8271162123384,600,20161129_MCF7_FB_xy13.csv
86,86,86,529.383787661406,881.5903873744618,600,20161129_MCF7_FB_xy13.csv
87,87,87,697.9921090387377,915.9088952654232,600,20161129_MCF7_FB_xy13.csv
88,88,88,766.62912482066,562.2790530846484,600,20161129_MCF7_FB_xy13.csv
89,89,89,938.2216642754664,499.6104734576757,600,20161129_MCF7_FB_xy13.csv
90,90,90,550.2733142037304,859.2087517934001,630,20161129_MCF7_FB_xy13.csv
91,91,91,568.1786226685797,777.1427546628406,630,20161129_MCF7_FB_xy13.csv
92,92,92,638.3077474892395,774.1585365853657,630,20161129_MCF7_FB_xy13.csv
93,93,93,621.8945480631278,918.893113342898,630,20161129_MCF7_FB_xy13.csv
94,94,94,642.7840746054519,903.9720229555236,630,20161129_MCF7_FB_xy13.csv
95,95,95,702.4684361549498,893.5272596843614,630,20161129_MCF7_FB_xy13.csv
96,96,96,705.4526542324246,857.7166427546626,630,20161129_MCF7_FB_xy13.csv
97,97,97,741.2632711621234,857.7166427546626,630,20161129_MCF7_FB_xy13.csv
98,98,98,753.2001434720229,889.0509325681489,630,20161129_MCF7_FB_xy13.csv
99,99,99,774.0896700143472,842.7955523672882,630,20161129_MCF7_FB_xy13.csv
100,100,100,851.6793400286944,553.3263988522236,630,20161129_MCF7_FB_xy13.csv
101,101,101,662.1814921090388,890.5430416068864,660,20161129_MCF7_FB_xy13.csv
102,102,102,615.9261119081779,820.4139167862265,660,20161129_MCF7_FB_xy13.csv
103,103,103,612.941893830703,753.2690100430416,660,20161129_MCF7_FB_xy13.csv
104,104,104,642.7840746054519,553.3263988522236,660,20161129_MCF7_FB_xy13.csv
0,0,0,251.85150645624103,269.82568149210897,0,20161129_MCF7_FB_xy14.csv
1,1,1,496.5573888091822,305.63629842180774,30,20161129_MCF7_FB_xy14.csv
2,2,2,268.2647058823529,247.4440459110474,60,20161129_MCF7_FB_xy14.csv
3,3,3,223.5014347202296,184.77546628407453,120,20161129_MCF7_FB_xy14.csv
4,4,4,244.39096126255384,129.56743185078918,180,20161129_MCF7_FB_xy14.csv
5,5,5,145.91176470588238,125.0911047345768,210,20161129_MCF7_FB_xy14.csv
6,6,6,183.2144906743185,86.29626972740324,210,20161129_MCF7_FB_xy14.csv
7,7,7,150.38809182209474,262.3651362984218,240,20161129_MCF7_FB_xy14.csv
8,8,8,830.7898134863701,932.3220946915352,240,20161129_MCF7_FB_xy14.csv
9,9,9,872.5688665710187,1012.8959827833572,240,20161129_MCF7_FB_xy14.csv
10,10,10,883.0136298421806,989.022238163558,270,20161129_MCF7_FB_xy14.csv
11,11,11,880.0294117647059,908.4483500717356,270,20161129_MCF7_FB_xy14.csv
12,12,12,821.8371592539453,886.0667144906741,300,20161129_MCF7_FB_xy14.csv
13,13,13,897.9347202295552,936.7984218077472,300,20161129_MCF7_FB_xy14.csv
14,14,14,950.1585365853656,932.3220946915352,300,20161129_MCF7_FB_xy14.csv
15,15,15,984.4770444763273,994.9906743185076,300,20161129_MCF7_FB_xy14.csv
16,16,16,926.2847919655668,405.6076040172165,300,20161129_MCF7_FB_xy14.csv
17,17,17,89.21162123385945,181.7912482065997,330,20161129_MCF7_FB_xy14.csv
18,18,18,341.3780487804878,717.4583931133427,330,20161129_MCF7_FB_xy14.csv
19,19,19,874.060975609756,359.35222381635566,330,20161129_MCF7_FB_xy14.csv
20,20,20,908.3794835007176,341.4469153515065,330,20161129_MCF7_FB_xy14.csv
21,21,21,915.8400286944044,319.0652797704447,330,20161129_MCF7_FB_xy14.csv
22,22,22,848.6951219512193,826.3823529411764,330,20161129_MCF7_FB_xy14.csv
23,23,23,896.4426111908177,815.9375896700142,330,20161129_MCF7_FB_xy14.csv
24,24,24,927.7769010043042,854.7324246771879,330,20161129_MCF7_FB_xy14.csv
25,25,25,963.5875179340028,887.5588235294116,330,20161129_MCF7_FB_xy14.csv
26,26,26,985.9691535150648,965.1484935437588,330,20161129_MCF7_FB_xy14.csv
27,27,27,1015.8113342898134,969.6248206599712,330,20161129_MCF7_FB_xy14.csv
28,28,28,835.2661406025826,1009.9117647058824,330,20161129_MCF7_FB_xy14.csv
29,29,29,89.21162123385945,298.17575322812047,360,20161129_MCF7_FB_xy14.csv
30,30,30,389.1255380200861,624.9476327116213,360,20161129_MCF7_FB_xy14.csv
31,31,31,635.3235294117646,171.34648493543762,360,20161129_MCF7_FB_xy14.csv
32,32,32,829.2977044476328,331.0021520803444,360,20161129_MCF7_FB_xy14.csv
33,33,33,827.8055954088952,386.2101865136298,360,20161129_MCF7_FB_xy14.csv
34,34,34,999.3981348637012,404.1154949784792,360,20161129_MCF7_FB_xy14.csv
35,35,35,787.5186513629843,932.3220946915352,360,20161129_MCF7_FB_xy14.csv
36,36,36,920.3163558106172,784.6032998565279,360,20161129_MCF7_FB_xy14.csv
37,37,37,1033.7166427546629,942.7668579626971,360,20161129_MCF7_FB_xy14.csv
38,38,38,797.9634146341463,371.28909612625534,390,20161129_MCF7_FB_xy14.csv
39,39,39,966.5717360114776,341.4469153515065,390,20161129_MCF7_FB_xy14.csv
40,40,40,990.4454806312772,532.4368723098995,390,20161129_MCF7_FB_xy14.csv
41,41,41,859.1398852223816,565.2632711621234,390,20161129_MCF7_FB_xy14.csv
42,42,42,1039.6850789096125,1018.8644189383068,390,20161129_MCF7_FB_xy14.csv
43,43,43,1024.7639885222384,914.4167862266856,390,20161129_MCF7_FB_xy14.csv
44,44,44,1041.17718794835,887.5588235294116,390,20161129_MCF7_FB_xy14.csv
45,45,45,1115.7826398852224,436.94189383070295,390,20161129_MCF7_FB_xy14.csv
46,46,46,42.95624103299862,254.9045911047345,420,20161129_MCF7_FB_xy14.csv
47,47,47,626.37087517934,134.0437589670014,420,20161129_MCF7_FB_xy14.csv
48,48,48,592.0523672883787,147.47274031563848,420,20161129_MCF7_FB_xy14.csv
49,49,49,598.0208034433285,192.23601147776185,420,20161129_MCF7_FB_xy14.csv
50,50,50,796.4713055954089,308.6205164992826,420,20161129_MCF7_FB_xy14.csv
51,51,51,777.073888091822,441.41822094691526,420,20161129_MCF7_FB_xy14.csv
52,52,52,700.9763271162124,439.9261119081778,420,20161129_MCF7_FB_xy14.csv
53,53,53,671.1341463414634,607.0423242467717,420,20161129_MCF7_FB_xy14.csv
54,54,54,739.7711621233859,620.4713055954088,420,20161129_MCF7_FB_xy14.csv
55,55,55,753.2001434720229,647.3292682926829,420,20161129_MCF7_FB_xy14.csv
56,56,56,789.0107604017215,602.5659971305595,420,20161129_MCF7_FB_xy14.csv
57,57,57,817.3608321377333,559.2948350071736,420,20161129_MCF7_FB_xy14.csv
58,58,58,887.4899569583929,613.0107604017215,420,20161129_MCF7_FB_xy14.csv
59,59,59,883.0136298421806,663.7424677187947,420,20161129_MCF7_FB_xy14.csv
60,60,60,860.6319942611191,853.2403156384503,420,20161129_MCF7_FB_xy14.csv
61,61,61,923.3005738880918,454.8472022955523,420,20161129_MCF7_FB_xy14.csv
62,62,62,956.1269727403156,363.8285509325681,420,20161129_MCF7_FB_xy14.csv
63,63,63,1144.1327116212335,332.4942611190818,420,20161129_MCF7_FB_xy14.csv
64,64,64,1021.7797704447632,469.7682926829268,420,20161129_MCF7_FB_xy14.csv
65,65,65,1032.2245337159254,610.0265423242466,420,20161129_MCF7_FB_xy14.csv
66,66,66,1260.5172166427544,423.512912482066,420,20161129_MCF7_FB_xy14.csv
67,67,67,1336.6147776183643,384.7180774748924,420,20161129_MCF7_FB_xy14.csv
68,68,68,727.8342898134862,341.4469153515065,450,20161129_MCF7_FB_xy14.csv
69,69,69,721.8658536585367,654.7898134863699,450,20161129_MCF7_FB_xy14.csv
70,70,70,948.6664275466284,441.41822094691526,450,20161129_MCF7_FB_xy14.csv
71,71,71,1069.5272596843615,460.8156384505021,450,20161129_MCF7_FB_xy14.csv
72,72,72,1035.2087517934003,674.1872309899568,450,20161129_MCF7_FB_xy14.csv
73,73,73,1076.9878048780488,912.9246771879484,450,20161129_MCF7_FB_xy14.csv
74,74,74,1097.877331420373,1006.9275466284072,450,20161129_MCF7_FB_xy14.csv
75,75,75,105.62482065997136,341.4469153515065,480,20161129_MCF7_FB_xy14.csv
76,76,76,304.07532281205164,623.4555236728837,480,20161129_MCF7_FB_xy14.csv
77,77,77,705.4526542324246,384.7180774748924,480,20161129_MCF7_FB_xy14.csv
78,78,78,712.9131994261119,514.5315638450502,480,20161129_MCF7_FB_xy14.csv
79,79,79,751.7080344332852,498.1183644189382,480,20161129_MCF7_FB_xy14.csv
80,80,80,696.5,636.8845050215208,480,20161129_MCF7_FB_xy14.csv
81,81,81,668.1499282639885,651.8055954088951,480,20161129_MCF7_FB_xy14.csv
82,82,82,884.5057388809183,753.2690100430416,480,20161129_MCF7_FB_xy14.csv
83,83,83,893.4583931133427,693.5846484935437,480,20161129_MCF7_FB_xy14.csv
84,84,84,914.3479196556668,666.7266857962696,480,20161129_MCF7_FB_xy14.csv
85,85,85,996.4139167862268,735.3637015781921,480,20161129_MCF7_FB_xy14.csv
86,86,86,815.8687230989958,510.0552367288378,480,20161129_MCF7_FB_xy14.csv
87,87,87,1041.17718794835,495.1341463414633,480,20161129_MCF7_FB_xy14.csv
88,88,88,1069.5272596843615,504.086800573888,480,20161129_MCF7_FB_xy14.csv
89,89,89,1111.30631276901,614.502869440459,480,20161129_MCF7_FB_xy14.csv
90,90,90,1085.9404591104733,972.609038737446,480,20161129_MCF7_FB_xy14.csv
91,91,91,1323.1857962697272,299.66786226685787,480,20161129_MCF7_FB_xy14.csv
92,92,92,1242.6119081779052,259.3809182209469,480,20161129_MCF7_FB_xy14.csv
93,93,93,178.73816355810618,348.9074605451937,510,20161129_MCF7_FB_xy14.csv
94,94,94,295.122668579627,687.6162123385939,510,20161129_MCF7_FB_xy14.csv
95,95,95,418.9677187948352,524.9763271162121,510,20161129_MCF7_FB_xy14.csv
96,96,96,678.5946915351508,398.1470588235293,510,20161129_MCF7_FB_xy14.csv
97,97,97,665.1657101865136,469.7682926829268,510,20161129_MCF7_FB_xy14.csv
98,98,98,668.1499282639885,566.7553802008607,510,20161129_MCF7_FB_xy14.csv
99,99,99,642.7840746054519,644.345050215208,510,20161129_MCF7_FB_xy14.csv
100,100,100,659.1972740315637,818.9218077474892,510,20161129_MCF7_FB_xy14.csv
101,101,101,635.3235294117646,829.3665710186513,510,20161129_MCF7_FB_xy14.csv
102,102,102,956.1269727403156,656.2819225251075,510,20161129_MCF7_FB_xy14.csv
103,103,103,923.3005738880918,565.2632711621234,510,20161129_MCF7_FB_xy14.csv
104,104,104,1100.8615494978478,529.4526542324246,510,20161129_MCF7_FB_xy14.csv
105,105,105,1021.7797704447632,647.3292682926829,510,20161129_MCF7_FB_xy14.csv
106,106,106,1160.5459110473455,248.93615494978485,510,20161129_MCF7_FB_xy14.csv
107,107,107,1290.3593974175035,196.71233859397415,510,20161129_MCF7_FB_xy14.csv
108,108,108,636.8156384505021,617.4870875179339,540,20161129_MCF7_FB_xy14.csv
109,109,109,739.7711621233859,589.1370157819224,540,20161129_MCF7_FB_xy14.csv
110,110,110,1139.6563845050216,644.345050215208,540,20161129_MCF7_FB_xy14.csv
111,111,111,1142.6406025824965,584.66068866571,540,20161129_MCF7_FB_xy14.csv
112,112,112,1154.577474892396,1008.4196556671448,540,20161129_MCF7_FB_xy14.csv
113,113,113,1233.6592539454805,175.82281205164998,540,20161129_MCF7_FB_xy14.csv
114,114,114,1342.583213773314,266.8414634146341,540,20161129_MCF7_FB_xy14.csv
115,115,115,1197.8486370157816,150.45695839311338,570,20161129_MCF7_FB_xy14.csv
116,116,116,1139.6563845050216,607.0423242467717,570,20161129_MCF7_FB_xy14.csv
117,117,117,1379.8859397417502,289.2230989956958,600,20161129_MCF7_FB_xy14.csv
118,118,118,1381.3780487804877,232.5229555236729,630,20161129_MCF7_FB_xy14.csv
119,119,119,1341.091104734577,192.23601147776185,630,20161129_MCF7_FB_xy14.csv
120,120,120,1327.6621233859396,156.4253945480632,630,20161129_MCF7_FB_xy14.csv
0,0,0,708.4368723098994,441.41822094691526,0,20161129_MCF7_FB_xy15.csv
1,1,1,336.9017216642755,335.4784791965567,30,20161129_MCF7_FB_xy15.csv
2,2,2,383.1571018651363,338.46269727403165,30,20161129_MCF7_FB_xy15.csv
3,3,3,444.3335724533716,347.4153515064562,30,20161129_MCF7_FB_xy15.csv
4,4,4,389.1255380200861,357.86011477761826,60,20161129_MCF7_FB_xy15.csv
5,5,5,480.1441893830703,308.6205164992826,60,20161129_MCF7_FB_xy15.csv
6,6,6,439.8572453371593,275.79411764705884,60,20161129_MCF7_FB_xy15.csv
7,7,7,421.95193687230994,198.2044476327117,60,20161129_MCF7_FB_xy15.csv
8,8,8,384.64921090387367,122.10688665710188,90,20161129_MCF7_FB_xy15.csv
9,9,9,336.9017216642755,268.3335724533715,90,20161129_MCF7_FB_xy15.csv
10,10,10,314.52008608321376,290.7152080344333,90,20161129_MCF7_FB_xy15.csv
11,11,11,401.06241032998565,383.22596843615503,90,20161129_MCF7_FB_xy15.csv
12,12,12,439.8572453371593,420.5286944045912,90,20161129_MCF7_FB_xy15.csv
13,13,13,489.096843615495,378.7496413199426,90,20161129_MCF7_FB_xy15.csv
14,14,14,459.2546628407461,351.8916786226685,90,20161129_MCF7_FB_xy15.csv
15,15,15,515.954806312769,314.58895265423234,90,20161129_MCF7_FB_xy15.csv
16,16,16,507.00215208034433,241.4756097560976,90,20161129_MCF7_FB_xy15.csv
17,17,17,472.68364418938296,166.87015781922526,90,20161129_MCF7_FB_xy15.csv
18,18,18,351.82281205165003,211.6334289813486,120,20161129_MCF7_FB_xy15.csv
19,19,19,284.6779053084649,351.8916786226685,120,20161129_MCF7_FB_xy15.csv
20,20,20,483.1284074605453,408.59182209469145,120,20161129_MCF7_FB_xy15.csv
21,21,21,542.812769010043,338.46269727403165,120,20161129_MCF7_FB_xy15.csv
22,22,22,295.122668579627,274.30200860832133,150,20161129_MCF7_FB_xy15.csv
23,23,23,333.9175035868006,183.28335724533716,150,20161129_MCF7_FB_xy15.csv
24,24,24,530.8758967001435,423.512912482066,150,20161129_MCF7_FB_xy15.csv
25,25,25,369.7281205164993,474.2446197991392,180,20161129_MCF7_FB_xy15.csv
26,26,26,444.3335724533716,521.9921090387373,180,20161129_MCF7_FB_xy15.csv
27,27,27,575.6391678622667,281.76255380200865,180,20161129_MCF7_FB_xy15.csv
28,28,28,360.7754662840746,89.28048780487802,210,20161129_MCF7_FB_xy15.csv
29,29,29,289.1542324246772,204.17288378766148,210,20161129_MCF7_FB_xy15.csv
30,30,30,313.0279770444764,377.2575322812052,210,20161129_MCF7_FB_xy15.csv
31,31,31,524.9074605451937,195.2202295552368,210,20161129_MCF7_FB_xy15.csv
32,32,32,475.6678622668579,129.56743185078918,210,20161129_MCF7_FB_xy15.csv
33,33,33,1150.1011477761836,583.1685796269727,210,20161129_MCF7_FB_xy15.csv
34,34,34,565.1944045911048,351.8916786226685,270,20161129_MCF7_FB_xy15.csv
35,35,35,253.34361549497848,196.71233859397415,300,20161129_MCF7_FB_xy15.csv
36,36,36,441.3493543758967,587.644906743185,300,20161129_MCF7_FB_xy15.csv
37,37,37,402.5545193687232,656.2819225251075,330,20161129_MCF7_FB_xy15.csv
38,38,38,669.642037302726,422.0208034433285,330,20161129_MCF7_FB_xy15.csv
39,39,39,95.18005738880925,26.61190817790532,360,20161129_MCF7_FB_xy15.csv
40,40,40,47.43256814921095,77.34361549497851,390,20161129_MCF7_FB_xy15.csv
41,41,41,150.38809182209474,19.151362984218167,390,20161129_MCF7_FB_xy15.csv
42,42,42,342.87015781922526,575.7080344332853,390,20161129_MCF7_FB_xy15.csv
43,43,43,389.1255380200861,599.5817790530847,390,20161129_MCF7_FB_xy15.csv
44,44,44,686.0552367288377,469.7682926829268,390,20161129_MCF7_FB_xy15.csv
45,45,45,1066.5430416068866,587.644906743185,390,20161129_MCF7_FB_xy15.csv
46,46,46,501.0337159253945,704.0294117647059,420,20161129_MCF7_FB_xy15.csv
47,47,47,751.7080344332852,316.0810616929698,420,20161129_MCF7_FB_xy15.csv
48,48,48,1068.0351506456238,532.4368723098995,420,20161129_MCF7_FB_xy15.csv
49,49,49,1078.4799139167862,613.0107604017215,420,20161129_MCF7_FB_xy15.csv
50,50,50,68.32209469153521,8.706599713055995,450,20161129_MCF7_FB_xy15.csv
51,51,51,66.82998565279776,26.61190817790532,450,20161129_MCF7_FB_xy15.csv
52,52,52,1005.3665710186511,638.3766140602581,450,20161129_MCF7_FB_xy15.csv
53,53,53,1036.7008608321378,526.4684361549497,450,20161129_MCF7_FB_xy15.csv
54,54,54,1102.3536585365853,480.2130559540889,450,20161129_MCF7_FB_xy15.csv
55,55,55,1075.495695839311,425.0050215208034,450,20161129_MCF7_FB_xy15.csv
56,56,56,977.0164992826398,414.56025824964127,450,20161129_MCF7_FB_xy15.csv
57,57,57,362.267575322812,599.5817790530847,480,20161129_MCF7_FB_xy15.csv
58,58,58,362.267575322812,621.9634146341463,480,20161129_MCF7_FB_xy15.csv
59,59,59,360.7754662840746,695.0767575322811,480,20161129_MCF7_FB_xy15.csv
60,60,60,338.3938307030129,704.0294117647059,480,20161129_MCF7_FB_xy15.csv
61,61,61,441.3493543758967,774.1585365853657,480,20161129_MCF7_FB_xy15.csv
62,62,62,1120.2589670014347,559.2948350071736,480,20161129_MCF7_FB_xy15.csv
63,63,63,1179.9433285509324,630.9160688665709,480,20161129_MCF7_FB_xy15.csv
64,64,64,321.980631276901,599.5817790530847,510,20161129_MCF7_FB_xy15.csv
65,65,65,381.6649928263989,662.2503586800573,510,20161129_MCF7_FB_xy15.csv
66,66,66,372.71233859397415,726.4110473457673,510,20161129_MCF7_FB_xy15.csv
67,67,67,350.3307030129125,775.6506456241033,510,20161129_MCF7_FB_xy15.csv
68,68,68,700.9763271162124,899.4956958393111,510,20161129_MCF7_FB_xy15.csv
69,69,69,888.9820659971305,513.0394548063127,510,20161129_MCF7_FB_xy15.csv
70,70,70,923.3005738880918,484.6893830703012,510,20161129_MCF7_FB_xy15.csv
71,71,71,920.3163558106172,395.16284074605454,510,20161129_MCF7_FB_xy15.csv
72,72,72,944.190100430416,429.4813486370159,510,20161129_MCF7_FB_xy15.csv
73,73,73,1017.3034433285508,359.35222381635566,510,20161129_MCF7_FB_xy15.csv
74,74,74,1005.3665710186511,333.98637015781924,510,20161129_MCF7_FB_xy15.csv
75,75,75,1184.4196556671448,581.6764705882352,510,20161129_MCF7_FB_xy15.csv
76,76,76,363.7596843615496,832.3507890961259,540,20161129_MCF7_FB_xy15.csv
77,77,77,332.4253945480632,847.2718794835007,540,20161129_MCF7_FB_xy15.csv
78,78,78,496.5573888091822,832.3507890961259,540,20161129_MCF7_FB_xy15.csv
79,79,79,671.1341463414634,780.1269727403155,540,20161129_MCF7_FB_xy15.csv
80,80,80,638.3077474892395,903.9720229555236,540,20161129_MCF7_FB_xy15.csv
81,81,81,735.2948350071736,878.6061692969869,540,20161129_MCF7_FB_xy15.csv
82,82,82,903.903156384505,422.0208034433285,540,20161129_MCF7_FB_xy15.csv
83,83,83,890.474175035868,439.9261119081778,540,20161129_MCF7_FB_xy15.csv
84,84,84,1120.2589670014347,644.345050215208,540,20161129_MCF7_FB_xy15.csv
85,85,85,1168.006456241033,554.8185078909612,540,20161129_MCF7_FB_xy15.csv
86,86,86,1142.6406025824965,490.6578192252512,540,20161129_MCF7_FB_xy15.csv
87,87,87,1127.719512195122,426.4971305595408,540,20161129_MCF7_FB_xy15.csv
88,88,88,1078.4799139167862,369.7969870875178,540,20161129_MCF7_FB_xy15.csv
89,89,89,374.2044476327117,707.0136298421806,570,20161129_MCF7_FB_xy15.csv
90,90,90,375.69655667144906,787.5875179340027,570,20161129_MCF7_FB_xy15.csv
91,91,91,321.980631276901,793.5559540889525,570,20161129_MCF7_FB_xy15.csv
92,92,92,536.8443328550933,909.9404591104732,570,20161129_MCF7_FB_xy15.csv
93,93,93,578.6233859397418,854.7324246771879,570,20161129_MCF7_FB_xy15.csv
94,94,94,581.6076040172168,915.9088952654232,570,20161129_MCF7_FB_xy15.csv
95,95,95,693.5157819225252,930.8299856527976,570,20161129_MCF7_FB_xy15.csv
96,96,96,712.9131994261119,933.8142037302724,570,20161129_MCF7_FB_xy15.csv
97,97,97,695.0078909612625,830.8586800573887,570,20161129_MCF7_FB_xy15.csv
98,98,98,747.2317073170731,839.8113342898132,570,20161129_MCF7_FB_xy15.csv
99,99,99,730.8185078909613,787.5875179340027,570,20161129_MCF7_FB_xy15.csv
100,100,100,659.1972740315637,762.2216642754663,570,20161129_MCF7_FB_xy15.csv
101,101,101,1068.0351506456238,313.0968436154949,570,20161129_MCF7_FB_xy15.csv
102,102,102,1109.8142037302723,444.4024390243901,570,20161129_MCF7_FB_xy15.csv
103,103,103,1170.990674318508,519.0078909612623,570,20161129_MCF7_FB_xy15.csv
104,104,104,932.2532281205164,456.3393113342897,570,20161129_MCF7_FB_xy15.csv
105,105,105,286.1700143472023,705.5215208034433,600,20161129_MCF7_FB_xy15.csv
106,106,106,281.69368723098995,792.063845050215,600,20161129_MCF7_FB_xy15.csv
107,107,107,268.2647058823529,827.8744619799138,600,20161129_MCF7_FB_xy15.csv
108,108,108,242.8988522238164,854.7324246771879,600,20161129_MCF7_FB_xy15.csv
109,109,109,272.74103299856534,881.5903873744618,600,20161129_MCF7_FB_xy15.csv
110,110,110,316.01219512195115,881.5903873744618,600,20161129_MCF7_FB_xy15.csv
111,111,111,412.9992826398852,799.5243902439023,600,20161129_MCF7_FB_xy15.csv
112,112,112,501.0337159253945,886.0667144906741,600,20161129_MCF7_FB_xy15.csv
113,113,113,563.7022955523672,966.6406025824962,600,20161129_MCF7_FB_xy15.csv
114,114,114,602.4971305595409,559.2948350071736,600,20161129_MCF7_FB_xy15.csv
115,115,115,702.4684361549498,377.2575322812052,600,20161129_MCF7_FB_xy15.csv
116,116,116,732.3106169296988,457.8314203730272,600,20161129_MCF7_FB_xy15.csv
117,117,117,778.5659971305596,824.8902439024388,600,20161129_MCF7_FB_xy15.csv
118,118,118,657.7051649928262,997.9748923959828,600,20161129_MCF7_FB_xy15.csv
119,119,119,832.2819225251076,516.0236728837876,600,20161129_MCF7_FB_xy15.csv
120,120,120,827.8055954088952,384.7180774748924,600,20161129_MCF7_FB_xy15.csv
121,121,121,811.3923959827832,369.7969870875178,600,20161129_MCF7_FB_xy15.csv
122,122,122,794.9791965566715,353.383787661406,600,20161129_MCF7_FB_xy15.csv
123,123,123,830.7898134863701,348.9074605451937,600,20161129_MCF7_FB_xy15.csv
124,124,124,856.1556671449067,363.8285509325681,600,20161129_MCF7_FB_xy15.csv
125,125,125,909.8715925394548,356.36800573888087,600,20161129_MCF7_FB_xy15.csv
126,126,126,1032.2245337159254,316.0810616929698,600,20161129_MCF7_FB_xy15.csv
127,127,127,1050.1298421807746,289.2230989956958,600,20161129_MCF7_FB_xy15.csv
128,128,128,1078.4799139167862,341.4469153515065,600,20161129_MCF7_FB_xy15.csv
129,129,129,1150.1011477761836,671.203012912482,600,20161129_MCF7_FB_xy15.csv
130,130,130,205.59612625538023,795.0480631276898,630,20161129_MCF7_FB_xy15.csv
131,131,131,196.6434720229556,832.3507890961259,630,20161129_MCF7_FB_xy15.csv
132,132,132,236.93041606886655,930.8299856527976,630,20161129_MCF7_FB_xy15.csv
133,133,133,292.13845050215207,899.4956958393111,630,20161129_MCF7_FB_xy15.csv
134,134,134,316.01219512195115,899.4956958393111,630,20161129_MCF7_FB_xy15.csv
135,135,135,339.88593974175035,886.0667144906741,630,20161129_MCF7_FB_xy15.csv
136,136,136,324.964849354376,815.9375896700142,630,20161129_MCF7_FB_xy15.csv
137,137,137,517.4469153515064,507.07101865136286,630,20161129_MCF7_FB_xy15.csv
138,138,138,577.1312769010043,575.7080344332853,630,20161129_MCF7_FB_xy15.csv
139,139,139,630.8472022955524,592.1212338593973,630,20161129_MCF7_FB_xy15.csv
140,140,140,557.7338593974175,827.8744619799138,630,20161129_MCF7_FB_xy15.csv
141,141,141,680.086800573888,993.4985652797702,630,20161129_MCF7_FB_xy15.csv
142,142,142,620.4024390243902,806.9849354375896,630,20161129_MCF7_FB_xy15.csv
143,143,143,630.8472022955524,593.6133428981348,630,20161129_MCF7_FB_xy15.csv
144,144,144,817.3608321377333,156.4253945480632,630,20161129_MCF7_FB_xy15.csv
145,145,145,884.5057388809183,217.60186513629844,630,20161129_MCF7_FB_xy15.csv
146,146,146,972.5401721664276,265.3493543758966,630,20161129_MCF7_FB_xy15.csv
147,147,147,862.1241032998565,325.0337159253945,630,20161129_MCF7_FB_xy15.csv
148,148,148,1117.2747489239598,742.8242467718793,630,20161129_MCF7_FB_xy15.csv
149,149,149,1166.5143472022955,698.0609756097558,630,20161129_MCF7_FB_xy15.csv
150,150,150,310.0437589670014,853.2403156384503,660,20161129_MCF7_FB_xy15.csv
151,151,151,304.07532281205164,802.5086083213772,660,20161129_MCF7_FB_xy15.csv
152,152,152,412.9992826398852,974.1011477761832,660,20161129_MCF7_FB_xy15.csv
153,153,153,602.4971305595409,978.5774748923958,660,20161129_MCF7_FB_xy15.csv
154,154,154,574.1470588235294,683.1398852223815,660,20161129_MCF7_FB_xy15.csv
155,155,155,529.383787661406,489.1657101865136,660,20161129_MCF7_FB_xy15.csv
156,156,156,542.812769010043,484.6893830703012,660,20161129_MCF7_FB_xy15.csv
157,157,157,750.215925394548,278.7783357245337,660,20161129_MCF7_FB_xy15.csv
158,158,158,690.5315638450502,417.5444763271162,660,20161129_MCF7_FB_xy15.csv
159,159,159,668.1499282639885,496.6262553802008,660,20161129_MCF7_FB_xy15.csv
160,160,160,630.8472022955524,633.9002869440457,660,20161129_MCF7_FB_xy15.csv
161,161,161,668.1499282639885,692.0925394548062,660,20161129_MCF7_FB_xy15.csv
162,162,162,638.3077474892395,689.1083213773312,660,20161129_MCF7_FB_xy15.csv
163,163,163,611.4497847919655,687.6162123385939,660,20161129_MCF7_FB_xy15.csv
164,164,164,618.9103299856528,754.7611190817788,660,20161129_MCF7_FB_xy15.csv
165,165,165,727.8342898134862,759.2374461979912,660,20161129_MCF7_FB_xy15.csv
166,166,166,630.8472022955524,823.3981348637013,660,20161129_MCF7_FB_xy15.csv
167,167,167,811.3923959827832,325.0337159253945,660,20161129_MCF7_FB_xy15.csv
168,168,168,1091.9088952654229,733.8715925394548,660,20161129_MCF7_FB_xy15.csv
169,169,169,1191.880200860832,708.5057388809181,660,20161129_MCF7_FB_xy15.csv
170,170,170,1209.7855093256817,287.7309899569584,660,20161129_MCF7_FB_xy15.csv
171,171,171,199.6276901004304,863.6850789096125,690,20161129_MCF7_FB_xy15.csv
172,172,172,178.73816355810618,900.9878048780486,690,20161129_MCF7_FB_xy15.csv
173,173,173,207.0882352941177,918.893113342898,690,20161129_MCF7_FB_xy15.csv
174,174,174,327.94906743185084,944.2589670014344,690,20161129_MCF7_FB_xy15.csv
175,175,175,627.8629842180775,735.3637015781921,690,20161129_MCF7_FB_xy15.csv
176,176,176,589.0681492109038,659.2661406025824,690,20161129_MCF7_FB_xy15.csv
177,177,177,647.2604017216643,621.9634146341463,690,20161129_MCF7_FB_xy15.csv
178,178,178,598.0208034433285,504.086800573888,690,20161129_MCF7_FB_xy15.csv
179,179,179,668.1499282639885,533.928981348637,690,20161129_MCF7_FB_xy15.csv
180,180,180,678.5946915351508,336.9705882352941,690,20161129_MCF7_FB_xy15.csv
181,181,181,623.3866571018651,299.66786226685787,690,20161129_MCF7_FB_xy15.csv
182,182,182,845.7109038737443,192.23601147776185,690,20161129_MCF7_FB_xy15.csv
183,183,183,1120.2589670014347,709.9978479196556,690,20161129_MCF7_FB_xy15.csv
184,184,184,1190.3880918220946,131.0595408895266,690,20161129_MCF7_FB_xy15.csv
185,185,185,1181.4354375896698,17.659253945480714,690,20161129_MCF7_FB_xy15.csv
186,186,186,360.7754662840746,957.6879483500716,720,20161129_MCF7_FB_xy15.csv
187,187,187,833.774031563845,251.92037302725976,720,20161129_MCF7_FB_xy15.csv
188,188,188,633.8314203730273,287.7309899569584,720,20161129_MCF7_FB_xy15.csv
189,189,189,702.4684361549498,266.8414634146341,720,20161129_MCF7_FB_xy15.csv
190,190,190,1075.495695839311,765.205882352941,720,20161129_MCF7_FB_xy15.csv
191,191,191,1069.5272596843615,789.0796269727401,720,20161129_MCF7_FB_xy15.csv
192,192,192,1160.5459110473455,839.8113342898132,720,20161129_MCF7_FB_xy15.csv
193,193,193,1257.5329985652795,290.7152080344333,720,20161129_MCF7_FB_xy15.csv
194,194,194,1324.677905308465,275.79411764705884,720,20161129_MCF7_FB_xy15.csv
195,195,195,547.2890961262553,448.87876614060247,750,20161129_MCF7_FB_xy15.csv
196,196,196,1382.8701578192251,217.60186513629844,750,20161129_MCF7_FB_xy15.csv
197,197,197,1294.8357245337158,66.89885222381645,750,20161129_MCF7_FB_xy15.csv
198,198,198,957.6190817790532,153.44117647058832,780,20161129_MCF7_FB_xy15.csv
199,199,199,1188.8959827833569,838.3192252510759,780,20161129_MCF7_FB_xy15.csv
200,200,200,1202.3249641319944,808.477044476327,780,20161129_MCF7_FB_xy15.csv
201,201,201,1233.6592539454805,289.2230989956958,780,20161129_MCF7_FB_xy15.csv
202,202,202,1241.1197991391678,231.0308464849354,780,20161129_MCF7_FB_xy15.csv
203,203,203,1273.9461979913915,320.5573888091822,780,20161129_MCF7_FB_xy15.csv
204,204,204,1290.3593974175035,214.61764705882356,780,20161129_MCF7_FB_xy15.csv
205,205,205,562.2101865136299,994.9906743185076,810,20161129_MCF7_FB_xy15.csv
206,206,206,1212.7697274031564,789.0796269727401,810,20161129_MCF7_FB_xy15.csv
207,207,207,1220.2302725968436,762.2216642754663,810,20161129_MCF7_FB_xy15.csv
208,208,208,1299.3120516499282,314.58895265423234,810,20161129_MCF7_FB_xy15.csv
209,209,209,1336.6147776183643,314.58895265423234,840,20161129_MCF7_FB_xy15.csv
210,210,210,1296.3278335724533,138.52008608321376,870,20161129_MCF7_FB_xy15.csv
211,211,211,1217.2460545193687,181.7912482065997,900,20161129_MCF7_FB_xy15.csv
212,212,212,1239.6276901004303,187.7596843615495,900,20161129_MCF7_FB_xy15.csv
213,213,213,1353.0279770444763,332.4942611190818,900,20161129_MCF7_FB_xy15.csv
214,214,214,1351.654185022027,189.1049926578561,930,20161129_MCF7_FB_xy15.csv
